<?xml version="1.0" encoding="UTF-8" standalone="yes"?>
<addon id="plugin.video.MegaBoxTV"
       name="[COLOR white]-=.[/COLOR][COLOR darkgoldenrod]Megabox[/COLOR][COLOR dodgerblue]TV[/COLOR][COLOR white].=-[/COLOR]"
       version="2.1"
       provider-name="facebook.com/MegaBoxtvKODI">
  <requires>
    <import addon="xbmc.python" version="2.1.0"/>
	<import addon="script.module.t0mm0.common" version="2.0.0"/>
    <import addon="script.module.beautifulsoup" version="3.2.1"/>
    <import addon="script.module.simple.downloader" version="0.9.4"/>
    <import addon="script.module.beautifulsoup4"/>
    <import addon="script.module.simple.downloader" version="0.9.4"/>
    <import addon="script.module.requests" />
    <import addon="script.module.httplib2" />
    <import addon="script.module.youtube.dl" optional="true"/>
    <import addon="plugin.video.youtube" version="3.0.0"/>
    <import addon="script.module.simplejson" /> 
    <import addon="script.common.plugin.cache" version="2.5.2"/>
    <import addon="script.module.metahandler" version="2.5.1"/>
			
  </requires>
  <extension point="xbmc.python.pluginsource" library="default.py">
    <provides>video</provides>
  </extension>
  <extension point="xbmc.addon.metadata">
    <summary lang="en">MegaBoxTV</summary>
    <description lang="en">facebook.com/MegaBoxtvKODI. MegaBoxTV Addon de Filmes Torrent – Séries  Torrent HD 1080p , 720p  Bluray Dual Áudio.
Nota: esse addon só funciona com Player gerenciador de torrents como o Quasar,YATP,KmediaTorrent,Pulsar etc.</description>
    <platform>all</platform>
  </extension>
 <extension point="xbmc.addon.repository" name="MegaBoxTV repository">
		<info compressed="false">http://raw.github.com/Gunboybr/repository.MegaBoxTV/master/addons.xml</info>
		<checksum>http://raw.github.com/Gunboybr/repository.MegaBoxTV/master/addons.xml.md5</checksum>
		<datadir zip="true">http://raw.github.com/Gunboybr/repository.MegaBoxTV/master/repo/</datadir>
	</extension>
	<extension point="xbmc.addon.metadata">
		<summary>MegaBoxTV repository</summary>
		<description>facebook.com/MegaBoxtvKODI. MegaBoxTV Addon de Filmes Torrent – Séries  Torrent HD 1080p , 720p  Bluray Dual Áudio.
Nota: esse addon só funciona com Player gerenciador de torrents como o Quasar,YATP,KmediaTorrent,Pulsar etc.</description>
		<disclaimer></disclaimer>
		<platform>all</platform>
	</extension>
</addon>
